{"computers":[{
 "ObjectIdentifier": "S-1-5-21-2304237550-487731314-3330774956-1000",
 "AllowedToAct": [],
 "PrimaryGroupSid": "S-1-5-21-2304237550-487731314-3330774956-516",
 "LocalAdmins": [],
 "PSRemoteUsers": [],
 "Properties": {
  "name": "KINGOFTHE-DOMAIN.MCU.LOCAL",
  "objectid": "S-1-5-21-2304237550-487731314-3330774956-1000",
  "domain": "MCU.LOCAL",
  "highvalue": false,
  "distinguishedname": "CN=KINGOFTHE-DOMAI,OU=Domain Controllers,DC=MCU,DC=local",
  "unconstraineddelegation": true,
  "enabled": true,
  "haslaps": false,
  "lastlogontimestamp": 1642826350,
  "pwdlastset": 1642826325,
  "serviceprincipalnames": [
   "Dfsr-12F9A27C-BF97-4787-9364-D31B6C55EB04/KINGOFTHE-DOMAIN.MCU.local",
   "ldap/KINGOFTHE-DOMAIN.MCU.local/ForestDnsZones.MCU.local",
   "ldap/KINGOFTHE-DOMAIN.MCU.local/DomainDnsZones.MCU.local",
   "DNS/KINGOFTHE-DOMAIN.MCU.local",
   "GC/KINGOFTHE-DOMAIN.MCU.local/MCU.local",
   "RestrictedKrbHost/KINGOFTHE-DOMAIN.MCU.local",
   "RestrictedKrbHost/KINGOFTHE-DOMAI",
   "RPC/f7952c90-3f73-4271-ba87-665ed691aa21._msdcs.MCU.local",
   "HOST/KINGOFTHE-DOMAI/MCU",
   "HOST/KINGOFTHE-DOMAIN.MCU.local/MCU",
   "HOST/KINGOFTHE-DOMAI",
   "HOST/KINGOFTHE-DOMAIN.MCU.local",
   "HOST/KINGOFTHE-DOMAIN.MCU.local/MCU.local",
   "E3514235-4B06-11D1-AB04-00C04FC2DCD2/f7952c90-3f73-4271-ba87-665ed691aa21/MCU.local",
   "ldap/KINGOFTHE-DOMAI/MCU",
   "ldap/f7952c90-3f73-4271-ba87-665ed691aa21._msdcs.MCU.local",
   "ldap/KINGOFTHE-DOMAIN.MCU.local/MCU",
   "ldap/KINGOFTHE-DOMAI",
   "ldap/KINGOFTHE-DOMAIN.MCU.local",
   "ldap/KINGOFTHE-DOMAIN.MCU.local/MCU.local"
  ],
  "description": null,
  "operatingsystem": "Windows Server 2019 Standard Evaluation"
 },
 "RemoteDesktopUsers": [],
 "DcomUsers": [],
 "AllowedToDelegate": [],
 "Sessions": [],
 "Aces": [
  {
   "RightName": "Owner",
   "AceType": "",
   "IsInherited": false,
   "PrincipalSID": "S-1-5-21-2304237550-487731314-3330774956-512",
   "PrincipalType": "Group"
  },
  {
   "RightName": "GenericAll",
   "AceType": "",
   "IsInherited": false,
   "PrincipalSID": "S-1-5-21-2304237550-487731314-3330774956-512",
   "PrincipalType": "Group"
  },
  {
   "RightName": "WriteProperty",
   "AceType": "AllowedToAct",
   "IsInherited": true,
   "PrincipalSID": "MCU.LOCAL-S-1-5-10",
   "PrincipalType": "User"
  },
  {
   "RightName": "GenericAll",
   "AceType": "",
   "IsInherited": true,
   "PrincipalSID": "S-1-5-21-2304237550-487731314-3330774956-519",
   "PrincipalType": "Group"
  },
  {
   "RightName": "GenericWrite",
   "AceType": "",
   "IsInherited": true,
   "PrincipalSID": "MCU.LOCAL-S-1-5-32-544",
   "PrincipalType": "Group"
  },
  {
   "RightName": "WriteOwner",
   "AceType": "",
   "IsInherited": true,
   "PrincipalSID": "MCU.LOCAL-S-1-5-32-544",
   "PrincipalType": "Group"
  },
  {
   "RightName": "WriteDacl",
   "AceType": "",
   "IsInherited": true,
   "PrincipalSID": "MCU.LOCAL-S-1-5-32-544",
   "PrincipalType": "Group"
  }
 ]
},{
 "ObjectIdentifier": "S-1-5-21-2304237550-487731314-3330774956-1108",
 "AllowedToAct": [],
 "PrimaryGroupSid": "S-1-5-21-2304237550-487731314-3330774956-515",
 "LocalAdmins": [
  {
   "MemberId": "S-1-5-21-2304237550-487731314-3330774956-512",
   "MemberType": "Group"
  },
  {
   "MemberId": "S-1-5-21-2304237550-487731314-3330774956-1105",
   "MemberType": "User"
  },
  {
   "MemberId": "S-1-5-21-2304237550-487731314-3330774956-1103",
   "MemberType": "User"
  }
 ],
 "PSRemoteUsers": [],
 "Properties": {
  "name": "THEHULK.MCU.LOCAL",
  "objectid": "S-1-5-21-2304237550-487731314-3330774956-1108",
  "domain": "MCU.LOCAL",
  "highvalue": false,
  "distinguishedname": "CN=THEHULK,CN=Computers,DC=MCU,DC=local",
  "unconstraineddelegation": false,
  "enabled": true,
  "haslaps": false,
  "lastlogontimestamp": 1641966200,
  "pwdlastset": 1642826974,
  "serviceprincipalnames": [
   "RestrictedKrbHost/THEHULK",
   "HOST/THEHULK",
   "RestrictedKrbHost/THEHULK.MCU.local",
   "HOST/THEHULK.MCU.local"
  ],
  "description": null,
  "operatingsystem": "Windows 10 Enterprise Evaluation"
 },
 "RemoteDesktopUsers": [],
 "DcomUsers": [],
 "AllowedToDelegate": [],
 "Sessions": [
  {
   "ComputerId": "S-1-5-21-2304237550-487731314-3330774956-1108",
   "UserId": "S-1-5-21-2304237550-487731314-3330774956-500"
  }
 ],
 "Aces": [
  {
   "RightName": "Owner",
   "AceType": "",
   "IsInherited": false,
   "PrincipalSID": "S-1-5-21-2304237550-487731314-3330774956-512",
   "PrincipalType": "Group"
  },
  {
   "RightName": "GenericAll",
   "AceType": "",
   "IsInherited": false,
   "PrincipalSID": "S-1-5-21-2304237550-487731314-3330774956-512",
   "PrincipalType": "Group"
  },
  {
   "RightName": "GenericAll",
   "AceType": "",
   "IsInherited": false,
   "PrincipalSID": "MCU.LOCAL-S-1-5-32-548",
   "PrincipalType": "Group"
  },
  {
   "RightName": "WriteProperty",
   "AceType": "AllowedToAct",
   "IsInherited": true,
   "PrincipalSID": "MCU.LOCAL-S-1-5-10",
   "PrincipalType": "User"
  },
  {
   "RightName": "GenericAll",
   "AceType": "",
   "IsInherited": true,
   "PrincipalSID": "S-1-5-21-2304237550-487731314-3330774956-519",
   "PrincipalType": "Group"
  },
  {
   "RightName": "GenericWrite",
   "AceType": "",
   "IsInherited": true,
   "PrincipalSID": "MCU.LOCAL-S-1-5-32-544",
   "PrincipalType": "Group"
  },
  {
   "RightName": "WriteOwner",
   "AceType": "",
   "IsInherited": true,
   "PrincipalSID": "MCU.LOCAL-S-1-5-32-544",
   "PrincipalType": "Group"
  },
  {
   "RightName": "WriteDacl",
   "AceType": "",
   "IsInherited": true,
   "PrincipalSID": "MCU.LOCAL-S-1-5-32-544",
   "PrincipalType": "Group"
  }
 ]
},{
 "ObjectIdentifier": "S-1-5-21-2304237550-487731314-3330774956-1107",
 "AllowedToAct": [],
 "PrimaryGroupSid": "S-1-5-21-2304237550-487731314-3330774956-515",
 "LocalAdmins": [],
 "PSRemoteUsers": [],
 "Properties": {
  "name": "THEPUNISHER.MCU.LOCAL",
  "objectid": "S-1-5-21-2304237550-487731314-3330774956-1107",
  "domain": "MCU.LOCAL",
  "highvalue": false,
  "distinguishedname": "CN=THEPUNISHER,CN=Computers,DC=MCU,DC=local",
  "unconstraineddelegation": false,
  "enabled": true,
  "haslaps": false,
  "lastlogontimestamp": 1642826442,
  "pwdlastset": 1642827330,
  "serviceprincipalnames": [
   "RestrictedKrbHost/THEPUNISHER",
   "HOST/THEPUNISHER",
   "RestrictedKrbHost/THEPUNISHER.MCU.local",
   "HOST/THEPUNISHER.MCU.local"
  ],
  "description": null,
  "operatingsystem": "Windows 10 Enterprise Evaluation"
 },
 "RemoteDesktopUsers": [],
 "DcomUsers": [],
 "AllowedToDelegate": [],
 "Sessions": [],
 "Aces": [
  {
   "RightName": "Owner",
   "AceType": "",
   "IsInherited": false,
   "PrincipalSID": "S-1-5-21-2304237550-487731314-3330774956-512",
   "PrincipalType": "Group"
  },
  {
   "RightName": "GenericAll",
   "AceType": "",
   "IsInherited": false,
   "PrincipalSID": "S-1-5-21-2304237550-487731314-3330774956-512",
   "PrincipalType": "Group"
  },
  {
   "RightName": "GenericAll",
   "AceType": "",
   "IsInherited": false,
   "PrincipalSID": "MCU.LOCAL-S-1-5-32-548",
   "PrincipalType": "Group"
  },
  {
   "RightName": "WriteProperty",
   "AceType": "AllowedToAct",
   "IsInherited": true,
   "PrincipalSID": "MCU.LOCAL-S-1-5-10",
   "PrincipalType": "User"
  },
  {
   "RightName": "GenericAll",
   "AceType": "",
   "IsInherited": true,
   "PrincipalSID": "S-1-5-21-2304237550-487731314-3330774956-519",
   "PrincipalType": "Group"
  },
  {
   "RightName": "GenericWrite",
   "AceType": "",
   "IsInherited": true,
   "PrincipalSID": "MCU.LOCAL-S-1-5-32-544",
   "PrincipalType": "Group"
  },
  {
   "RightName": "WriteOwner",
   "AceType": "",
   "IsInherited": true,
   "PrincipalSID": "MCU.LOCAL-S-1-5-32-544",
   "PrincipalType": "Group"
  },
  {
   "RightName": "WriteDacl",
   "AceType": "",
   "IsInherited": true,
   "PrincipalSID": "MCU.LOCAL-S-1-5-32-544",
   "PrincipalType": "Group"
  }
 ]
},{
 "ObjectIdentifier": "S-1-5-21-2304237550-487731314-3330774956-1109",
 "AllowedToAct": [],
 "PrimaryGroupSid": "S-1-5-21-2304237550-487731314-3330774956-515",
 "LocalAdmins": [],
 "PSRemoteUsers": [],
 "Properties": {
  "name": "IRONMAN.MCU.LOCAL",
  "objectid": "S-1-5-21-2304237550-487731314-3330774956-1109",
  "domain": "MCU.LOCAL",
  "highvalue": false,
  "distinguishedname": "CN=IRONMAN,CN=Computers,DC=MCU,DC=local",
  "unconstraineddelegation": false,
  "enabled": true,
  "haslaps": false,
  "lastlogontimestamp": 1642826479,
  "pwdlastset": 1642826479,
  "serviceprincipalnames": [
   "RestrictedKrbHost/IRONMAN",
   "HOST/IRONMAN",
   "RestrictedKrbHost/IRONMAN.MCU.local",
   "HOST/IRONMAN.MCU.local"
  ],
  "description": null,
  "operatingsystem": "Windows 10 Enterprise Evaluation"
 },
 "RemoteDesktopUsers": [],
 "DcomUsers": [],
 "AllowedToDelegate": [],
 "Sessions": [],
 "Aces": [
  {
   "RightName": "Owner",
   "AceType": "",
   "IsInherited": false,
   "PrincipalSID": "S-1-5-21-2304237550-487731314-3330774956-512",
   "PrincipalType": "Group"
  },
  {
   "RightName": "GenericAll",
   "AceType": "",
   "IsInherited": false,
   "PrincipalSID": "S-1-5-21-2304237550-487731314-3330774956-512",
   "PrincipalType": "Group"
  },
  {
   "RightName": "GenericAll",
   "AceType": "",
   "IsInherited": false,
   "PrincipalSID": "MCU.LOCAL-S-1-5-32-548",
   "PrincipalType": "Group"
  },
  {
   "RightName": "WriteProperty",
   "AceType": "AllowedToAct",
   "IsInherited": true,
   "PrincipalSID": "MCU.LOCAL-S-1-5-10",
   "PrincipalType": "User"
  },
  {
   "RightName": "GenericAll",
   "AceType": "",
   "IsInherited": true,
   "PrincipalSID": "S-1-5-21-2304237550-487731314-3330774956-519",
   "PrincipalType": "Group"
  },
  {
   "RightName": "GenericWrite",
   "AceType": "",
   "IsInherited": true,
   "PrincipalSID": "MCU.LOCAL-S-1-5-32-544",
   "PrincipalType": "Group"
  },
  {
   "RightName": "WriteOwner",
   "AceType": "",
   "IsInherited": true,
   "PrincipalSID": "MCU.LOCAL-S-1-5-32-544",
   "PrincipalType": "Group"
  },
  {
   "RightName": "WriteDacl",
   "AceType": "",
   "IsInherited": true,
   "PrincipalSID": "MCU.LOCAL-S-1-5-32-544",
   "PrincipalType": "Group"
  }
 ]
}],"meta":{"type":"computers","count":4, "version":3}}