{
 "domains": [
  {
   "ObjectIdentifier": "S-1-5-21-2304237550-487731314-3330774956",
   "Properties": {
    "name": "MCU.LOCAL",
    "domain": "MCU.LOCAL",
    "highvalue": true,
    "objectid": "S-1-5-21-2304237550-487731314-3330774956",
    "distinguishedname": "DC=MCU,DC=local",
    "description": null,
    "functionallevel": "2016"
   },
   "Trusts": [],
   "Aces": [
    {
     "RightName": "Owner",
     "AceType": "",
     "IsInherited": false,
     "PrincipalSID": "MCU.LOCAL-S-1-5-32-544",
     "PrincipalType": "Group"
    },
    {
     "RightName": "ExtendedRight",
     "AceType": "GetChanges",
     "IsInherited": false,
     "PrincipalSID": "S-1-5-21-2304237550-487731314-3330774956-498",
     "PrincipalType": "Group"
    },
    {
     "RightName": "ExtendedRight",
     "AceType": "GetChangesAll",
     "IsInherited": false,
     "PrincipalSID": "S-1-5-21-2304237550-487731314-3330774956-516",
     "PrincipalType": "Group"
    },
    {
     "RightName": "ExtendedRight",
     "AceType": "GetChanges",
     "IsInherited": false,
     "PrincipalSID": "MCU.LOCAL-S-1-5-32-544",
     "PrincipalType": "Group"
    },
    {
     "RightName": "ExtendedRight",
     "AceType": "GetChangesAll",
     "IsInherited": false,
     "PrincipalSID": "MCU.LOCAL-S-1-5-32-544",
     "PrincipalType": "Group"
    },
    {
     "RightName": "ExtendedRight",
     "AceType": "GetChanges",
     "IsInherited": false,
     "PrincipalSID": "MCU.LOCAL-S-1-5-9",
     "PrincipalType": "Group"
    },
    {
     "RightName": "GenericWrite",
     "AceType": "",
     "IsInherited": false,
     "PrincipalSID": "S-1-5-21-2304237550-487731314-3330774956-512",
     "PrincipalType": "Group"
    },
    {
     "RightName": "WriteOwner",
     "AceType": "",
     "IsInherited": false,
     "PrincipalSID": "S-1-5-21-2304237550-487731314-3330774956-512",
     "PrincipalType": "Group"
    },
    {
     "RightName": "ExtendedRight",
     "AceType": "All",
     "IsInherited": false,
     "PrincipalSID": "S-1-5-21-2304237550-487731314-3330774956-512",
     "PrincipalType": "Group"
    },
    {
     "RightName": "WriteDacl",
     "AceType": "",
     "IsInherited": false,
     "PrincipalSID": "S-1-5-21-2304237550-487731314-3330774956-512",
     "PrincipalType": "Group"
    },
    {
     "RightName": "GenericAll",
     "AceType": "",
     "IsInherited": false,
     "PrincipalSID": "S-1-5-21-2304237550-487731314-3330774956-519",
     "PrincipalType": "Group"
    },
    {
     "RightName": "GenericWrite",
     "AceType": "",
     "IsInherited": false,
     "PrincipalSID": "MCU.LOCAL-S-1-5-32-544",
     "PrincipalType": "Group"
    },
    {
     "RightName": "WriteOwner",
     "AceType": "",
     "IsInherited": false,
     "PrincipalSID": "MCU.LOCAL-S-1-5-32-544",
     "PrincipalType": "Group"
    },
    {
     "RightName": "ExtendedRight",
     "AceType": "All",
     "IsInherited": false,
     "PrincipalSID": "MCU.LOCAL-S-1-5-32-544",
     "PrincipalType": "Group"
    },
    {
     "RightName": "WriteDacl",
     "AceType": "",
     "IsInherited": false,
     "PrincipalSID": "MCU.LOCAL-S-1-5-32-544",
     "PrincipalType": "Group"
    }
   ],
   "Links": [],
   "Users": [],
   "Computers": [],
   "ChildOus": []
  }
 ],
 "meta": {
  "type": "domains",
  "count": 1,
  "version": 3
 }
}