{"users":[{
 "AllowedToDelegate": [],
 "ObjectIdentifier": "S-1-5-21-2304237550-487731314-3330774956-1106",
 "PrimaryGroupSid": "S-1-5-21-2304237550-487731314-3330774956-513",
 "Properties": {
  "name": "SQLSERVICE@MCU.LOCAL",
  "domain": "MCU.LOCAL",
  "objectid": "S-1-5-21-2304237550-487731314-3330774956-1106",
  "distinguishedname": "CN=SQL Service,CN=Users,DC=MCU,DC=local",
  "highvalue": false,
  "unconstraineddelegation": false,
  "passwordnotreqd": false,
  "enabled": true,
  "lastlogon": -1,
  "lastlogontimestamp": -1,
  "pwdlastset": 1639356999,
  "dontreqpreauth": false,
  "pwdneverexpires": true,
  "sensitive": false,
  "serviceprincipalnames": [
   "KINGOFTHE-DOMAI/SQLService.MCU.local:60111"
  ],
  "hasspn": true,
  "displayname": "SQL Service",
  "email": null,
  "title": null,
  "homedirectory": null,
  "description": "Password is MYpassword123#",
  "userpassword": null,
  "admincount": true,
  "sidhistory": []
 },
 "Aces": [
  {
   "RightName": "Owner",
   "AceType": "",
   "IsInherited": false,
   "PrincipalSID": "S-1-5-21-2304237550-487731314-3330774956-512",
   "PrincipalType": "Group"
  },
  {
   "RightName": "GenericWrite",
   "AceType": "",
   "IsInherited": false,
   "PrincipalSID": "S-1-5-21-2304237550-487731314-3330774956-512",
   "PrincipalType": "Group"
  },
  {
   "RightName": "WriteOwner",
   "AceType": "",
   "IsInherited": false,
   "PrincipalSID": "S-1-5-21-2304237550-487731314-3330774956-512",
   "PrincipalType": "Group"
  },
  {
   "RightName": "ExtendedRight",
   "AceType": "All",
   "IsInherited": false,
   "PrincipalSID": "S-1-5-21-2304237550-487731314-3330774956-512",
   "PrincipalType": "Group"
  },
  {
   "RightName": "WriteDacl",
   "AceType": "",
   "IsInherited": false,
   "PrincipalSID": "S-1-5-21-2304237550-487731314-3330774956-512",
   "PrincipalType": "Group"
  },
  {
   "RightName": "GenericWrite",
   "AceType": "",
   "IsInherited": false,
   "PrincipalSID": "S-1-5-21-2304237550-487731314-3330774956-519",
   "PrincipalType": "Group"
  },
  {
   "RightName": "WriteOwner",
   "AceType": "",
   "IsInherited": false,
   "PrincipalSID": "S-1-5-21-2304237550-487731314-3330774956-519",
   "PrincipalType": "Group"
  },
  {
   "RightName": "ExtendedRight",
   "AceType": "All",
   "IsInherited": false,
   "PrincipalSID": "S-1-5-21-2304237550-487731314-3330774956-519",
   "PrincipalType": "Group"
  },
  {
   "RightName": "WriteDacl",
   "AceType": "",
   "IsInherited": false,
   "PrincipalSID": "S-1-5-21-2304237550-487731314-3330774956-519",
   "PrincipalType": "Group"
  },
  {
   "RightName": "GenericWrite",
   "AceType": "",
   "IsInherited": false,
   "PrincipalSID": "MCU.LOCAL-S-1-5-32-544",
   "PrincipalType": "Group"
  },
  {
   "RightName": "WriteOwner",
   "AceType": "",
   "IsInherited": false,
   "PrincipalSID": "MCU.LOCAL-S-1-5-32-544",
   "PrincipalType": "Group"
  },
  {
   "RightName": "ExtendedRight",
   "AceType": "All",
   "IsInherited": false,
   "PrincipalSID": "MCU.LOCAL-S-1-5-32-544",
   "PrincipalType": "Group"
  },
  {
   "RightName": "WriteDacl",
   "AceType": "",
   "IsInherited": false,
   "PrincipalSID": "MCU.LOCAL-S-1-5-32-544",
   "PrincipalType": "Group"
  }
 ],
 "SPNTargets": [],
 "HasSIDHistory": []
},{
 "AllowedToDelegate": [],
 "ObjectIdentifier": "S-1-5-21-2304237550-487731314-3330774956-1104",
 "PrimaryGroupSid": "S-1-5-21-2304237550-487731314-3330774956-513",
 "Properties": {
  "name": "TSTARK@MCU.LOCAL",
  "domain": "MCU.LOCAL",
  "objectid": "S-1-5-21-2304237550-487731314-3330774956-1104",
  "distinguishedname": "CN=Tony Stark,CN=Users,DC=MCU,DC=local",
  "highvalue": false,
  "unconstraineddelegation": false,
  "passwordnotreqd": false,
  "enabled": true,
  "lastlogon": -1,
  "lastlogontimestamp": -1,
  "pwdlastset": 1639356727,
  "dontreqpreauth": false,
  "pwdneverexpires": true,
  "sensitive": false,
  "serviceprincipalnames": [],
  "hasspn": false,
  "displayname": "Tony Stark",
  "email": null,
  "title": null,
  "homedirectory": null,
  "description": null,
  "userpassword": null,
  "admincount": true,
  "sidhistory": []
 },
 "Aces": [
  {
   "RightName": "Owner",
   "AceType": "",
   "IsInherited": false,
   "PrincipalSID": "S-1-5-21-2304237550-487731314-3330774956-512",
   "PrincipalType": "Group"
  },
  {
   "RightName": "GenericWrite",
   "AceType": "",
   "IsInherited": false,
   "PrincipalSID": "S-1-5-21-2304237550-487731314-3330774956-512",
   "PrincipalType": "Group"
  },
  {
   "RightName": "WriteOwner",
   "AceType": "",
   "IsInherited": false,
   "PrincipalSID": "S-1-5-21-2304237550-487731314-3330774956-512",
   "PrincipalType": "Group"
  },
  {
   "RightName": "ExtendedRight",
   "AceType": "All",
   "IsInherited": false,
   "PrincipalSID": "S-1-5-21-2304237550-487731314-3330774956-512",
   "PrincipalType": "Group"
  },
  {
   "RightName": "WriteDacl",
   "AceType": "",
   "IsInherited": false,
   "PrincipalSID": "S-1-5-21-2304237550-487731314-3330774956-512",
   "PrincipalType": "Group"
  },
  {
   "RightName": "GenericWrite",
   "AceType": "",
   "IsInherited": false,
   "PrincipalSID": "S-1-5-21-2304237550-487731314-3330774956-519",
   "PrincipalType": "Group"
  },
  {
   "RightName": "WriteOwner",
   "AceType": "",
   "IsInherited": false,
   "PrincipalSID": "S-1-5-21-2304237550-487731314-3330774956-519",
   "PrincipalType": "Group"
  },
  {
   "RightName": "ExtendedRight",
   "AceType": "All",
   "IsInherited": false,
   "PrincipalSID": "S-1-5-21-2304237550-487731314-3330774956-519",
   "PrincipalType": "Group"
  },
  {
   "RightName": "WriteDacl",
   "AceType": "",
   "IsInherited": false,
   "PrincipalSID": "S-1-5-21-2304237550-487731314-3330774956-519",
   "PrincipalType": "Group"
  },
  {
   "RightName": "GenericWrite",
   "AceType": "",
   "IsInherited": false,
   "PrincipalSID": "MCU.LOCAL-S-1-5-32-544",
   "PrincipalType": "Group"
  },
  {
   "RightName": "WriteOwner",
   "AceType": "",
   "IsInherited": false,
   "PrincipalSID": "MCU.LOCAL-S-1-5-32-544",
   "PrincipalType": "Group"
  },
  {
   "RightName": "ExtendedRight",
   "AceType": "All",
   "IsInherited": false,
   "PrincipalSID": "MCU.LOCAL-S-1-5-32-544",
   "PrincipalType": "Group"
  },
  {
   "RightName": "WriteDacl",
   "AceType": "",
   "IsInherited": false,
   "PrincipalSID": "MCU.LOCAL-S-1-5-32-544",
   "PrincipalType": "Group"
  }
 ],
 "SPNTargets": [],
 "HasSIDHistory": []
},{
 "AllowedToDelegate": [],
 "ObjectIdentifier": "S-1-5-21-2304237550-487731314-3330774956-1103",
 "PrimaryGroupSid": "S-1-5-21-2304237550-487731314-3330774956-513",
 "Properties": {
  "name": "FCASTLE@MCU.LOCAL",
  "domain": "MCU.LOCAL",
  "objectid": "S-1-5-21-2304237550-487731314-3330774956-1103",
  "distinguishedname": "CN=Frank Castle,CN=Users,DC=MCU,DC=local",
  "highvalue": false,
  "unconstraineddelegation": false,
  "passwordnotreqd": false,
  "enabled": true,
  "lastlogon": 1639357738,
  "lastlogontimestamp": 1639357738,
  "pwdlastset": 1639356585,
  "dontreqpreauth": false,
  "pwdneverexpires": true,
  "sensitive": false,
  "serviceprincipalnames": [],
  "hasspn": false,
  "displayname": "Frank Castle",
  "email": null,
  "title": null,
  "homedirectory": null,
  "description": null,
  "userpassword": null,
  "admincount": false,
  "sidhistory": []
 },
 "Aces": [
  {
   "RightName": "Owner",
   "AceType": "",
   "IsInherited": false,
   "PrincipalSID": "S-1-5-21-2304237550-487731314-3330774956-512",
   "PrincipalType": "Group"
  },
  {
   "RightName": "GenericAll",
   "AceType": "",
   "IsInherited": false,
   "PrincipalSID": "S-1-5-21-2304237550-487731314-3330774956-512",
   "PrincipalType": "Group"
  },
  {
   "RightName": "GenericAll",
   "AceType": "",
   "IsInherited": false,
   "PrincipalSID": "MCU.LOCAL-S-1-5-32-548",
   "PrincipalType": "Group"
  },
  {
   "RightName": "GenericAll",
   "AceType": "",
   "IsInherited": true,
   "PrincipalSID": "S-1-5-21-2304237550-487731314-3330774956-519",
   "PrincipalType": "Group"
  },
  {
   "RightName": "GenericWrite",
   "AceType": "",
   "IsInherited": true,
   "PrincipalSID": "MCU.LOCAL-S-1-5-32-544",
   "PrincipalType": "Group"
  },
  {
   "RightName": "WriteOwner",
   "AceType": "",
   "IsInherited": true,
   "PrincipalSID": "MCU.LOCAL-S-1-5-32-544",
   "PrincipalType": "Group"
  },
  {
   "RightName": "ExtendedRight",
   "AceType": "All",
   "IsInherited": true,
   "PrincipalSID": "MCU.LOCAL-S-1-5-32-544",
   "PrincipalType": "Group"
  },
  {
   "RightName": "WriteDacl",
   "AceType": "",
   "IsInherited": true,
   "PrincipalSID": "MCU.LOCAL-S-1-5-32-544",
   "PrincipalType": "Group"
  }
 ],
 "SPNTargets": [],
 "HasSIDHistory": []
},{
 "AllowedToDelegate": [],
 "ObjectIdentifier": "S-1-5-21-2304237550-487731314-3330774956-1105",
 "PrimaryGroupSid": "S-1-5-21-2304237550-487731314-3330774956-513",
 "Properties": {
  "name": "PPARKER@MCU.LOCAL",
  "domain": "MCU.LOCAL",
  "objectid": "S-1-5-21-2304237550-487731314-3330774956-1105",
  "distinguishedname": "CN=Peter Parker,CN=Users,DC=MCU,DC=local",
  "highvalue": false,
  "unconstraineddelegation": false,
  "passwordnotreqd": false,
  "enabled": true,
  "lastlogon": 1642826499,
  "lastlogontimestamp": 1641941198,
  "pwdlastset": 1639356869,
  "dontreqpreauth": false,
  "pwdneverexpires": true,
  "sensitive": false,
  "serviceprincipalnames": [],
  "hasspn": false,
  "displayname": "Peter Parker",
  "email": null,
  "title": null,
  "homedirectory": null,
  "description": null,
  "userpassword": null,
  "admincount": false,
  "sidhistory": []
 },
 "Aces": [
  {
   "RightName": "Owner",
   "AceType": "",
   "IsInherited": false,
   "PrincipalSID": "S-1-5-21-2304237550-487731314-3330774956-512",
   "PrincipalType": "Group"
  },
  {
   "RightName": "GenericAll",
   "AceType": "",
   "IsInherited": false,
   "PrincipalSID": "S-1-5-21-2304237550-487731314-3330774956-512",
   "PrincipalType": "Group"
  },
  {
   "RightName": "GenericAll",
   "AceType": "",
   "IsInherited": false,
   "PrincipalSID": "MCU.LOCAL-S-1-5-32-548",
   "PrincipalType": "Group"
  },
  {
   "RightName": "GenericAll",
   "AceType": "",
   "IsInherited": true,
   "PrincipalSID": "S-1-5-21-2304237550-487731314-3330774956-519",
   "PrincipalType": "Group"
  },
  {
   "RightName": "GenericWrite",
   "AceType": "",
   "IsInherited": true,
   "PrincipalSID": "MCU.LOCAL-S-1-5-32-544",
   "PrincipalType": "Group"
  },
  {
   "RightName": "WriteOwner",
   "AceType": "",
   "IsInherited": true,
   "PrincipalSID": "MCU.LOCAL-S-1-5-32-544",
   "PrincipalType": "Group"
  },
  {
   "RightName": "ExtendedRight",
   "AceType": "All",
   "IsInherited": true,
   "PrincipalSID": "MCU.LOCAL-S-1-5-32-544",
   "PrincipalType": "Group"
  },
  {
   "RightName": "WriteDacl",
   "AceType": "",
   "IsInherited": true,
   "PrincipalSID": "MCU.LOCAL-S-1-5-32-544",
   "PrincipalType": "Group"
  }
 ],
 "SPNTargets": [],
 "HasSIDHistory": []
},{
 "AllowedToDelegate": [],
 "ObjectIdentifier": "S-1-5-21-2304237550-487731314-3330774956-501",
 "PrimaryGroupSid": "S-1-5-21-2304237550-487731314-3330774956-514",
 "Properties": {
  "name": "GUEST@MCU.LOCAL",
  "domain": "MCU.LOCAL",
  "objectid": "S-1-5-21-2304237550-487731314-3330774956-501",
  "distinguishedname": "CN=Guest,CN=Users,DC=MCU,DC=local",
  "highvalue": false,
  "unconstraineddelegation": false,
  "passwordnotreqd": true,
  "enabled": false,
  "lastlogon": -1,
  "lastlogontimestamp": -1,
  "pwdlastset": -1,
  "dontreqpreauth": false,
  "pwdneverexpires": true,
  "sensitive": false,
  "serviceprincipalnames": [],
  "hasspn": false,
  "displayname": null,
  "email": null,
  "title": null,
  "homedirectory": null,
  "description": "Built-in account for guest access to the computer/domain",
  "userpassword": null,
  "admincount": false,
  "sidhistory": []
 },
 "Aces": [
  {
   "RightName": "Owner",
   "AceType": "",
   "IsInherited": false,
   "PrincipalSID": "MCU.LOCAL-S-1-5-32-544",
   "PrincipalType": "Group"
  },
  {
   "RightName": "GenericAll",
   "AceType": "",
   "IsInherited": false,
   "PrincipalSID": "S-1-5-21-2304237550-487731314-3330774956-512",
   "PrincipalType": "Group"
  },
  {
   "RightName": "GenericAll",
   "AceType": "",
   "IsInherited": false,
   "PrincipalSID": "MCU.LOCAL-S-1-5-32-548",
   "PrincipalType": "Group"
  },
  {
   "RightName": "GenericAll",
   "AceType": "",
   "IsInherited": true,
   "PrincipalSID": "S-1-5-21-2304237550-487731314-3330774956-519",
   "PrincipalType": "Group"
  },
  {
   "RightName": "GenericWrite",
   "AceType": "",
   "IsInherited": true,
   "PrincipalSID": "MCU.LOCAL-S-1-5-32-544",
   "PrincipalType": "Group"
  },
  {
   "RightName": "WriteOwner",
   "AceType": "",
   "IsInherited": true,
   "PrincipalSID": "MCU.LOCAL-S-1-5-32-544",
   "PrincipalType": "Group"
  },
  {
   "RightName": "ExtendedRight",
   "AceType": "All",
   "IsInherited": true,
   "PrincipalSID": "MCU.LOCAL-S-1-5-32-544",
   "PrincipalType": "Group"
  },
  {
   "RightName": "WriteDacl",
   "AceType": "",
   "IsInherited": true,
   "PrincipalSID": "MCU.LOCAL-S-1-5-32-544",
   "PrincipalType": "Group"
  }
 ],
 "SPNTargets": [],
 "HasSIDHistory": []
},{
 "AllowedToDelegate": [],
 "ObjectIdentifier": "S-1-5-21-2304237550-487731314-3330774956-502",
 "PrimaryGroupSid": "S-1-5-21-2304237550-487731314-3330774956-513",
 "Properties": {
  "name": "KRBTGT@MCU.LOCAL",
  "domain": "MCU.LOCAL",
  "objectid": "S-1-5-21-2304237550-487731314-3330774956-502",
  "distinguishedname": "CN=krbtgt,CN=Users,DC=MCU,DC=local",
  "highvalue": false,
  "unconstraineddelegation": false,
  "passwordnotreqd": false,
  "enabled": false,
  "lastlogon": -1,
  "lastlogontimestamp": -1,
  "pwdlastset": 1639356012,
  "dontreqpreauth": false,
  "pwdneverexpires": false,
  "sensitive": false,
  "serviceprincipalnames": [
   "kadmin/changepw"
  ],
  "hasspn": true,
  "displayname": null,
  "email": null,
  "title": null,
  "homedirectory": null,
  "description": "Key Distribution Center Service Account",
  "userpassword": null,
  "admincount": true,
  "sidhistory": []
 },
 "Aces": [
  {
   "RightName": "Owner",
   "AceType": "",
   "IsInherited": false,
   "PrincipalSID": "S-1-5-21-2304237550-487731314-3330774956-512",
   "PrincipalType": "Group"
  },
  {
   "RightName": "GenericWrite",
   "AceType": "",
   "IsInherited": false,
   "PrincipalSID": "S-1-5-21-2304237550-487731314-3330774956-512",
   "PrincipalType": "Group"
  },
  {
   "RightName": "WriteOwner",
   "AceType": "",
   "IsInherited": false,
   "PrincipalSID": "S-1-5-21-2304237550-487731314-3330774956-512",
   "PrincipalType": "Group"
  },
  {
   "RightName": "ExtendedRight",
   "AceType": "All",
   "IsInherited": false,
   "PrincipalSID": "S-1-5-21-2304237550-487731314-3330774956-512",
   "PrincipalType": "Group"
  },
  {
   "RightName": "WriteDacl",
   "AceType": "",
   "IsInherited": false,
   "PrincipalSID": "S-1-5-21-2304237550-487731314-3330774956-512",
   "PrincipalType": "Group"
  },
  {
   "RightName": "GenericWrite",
   "AceType": "",
   "IsInherited": false,
   "PrincipalSID": "S-1-5-21-2304237550-487731314-3330774956-519",
   "PrincipalType": "Group"
  },
  {
   "RightName": "WriteOwner",
   "AceType": "",
   "IsInherited": false,
   "PrincipalSID": "S-1-5-21-2304237550-487731314-3330774956-519",
   "PrincipalType": "Group"
  },
  {
   "RightName": "ExtendedRight",
   "AceType": "All",
   "IsInherited": false,
   "PrincipalSID": "S-1-5-21-2304237550-487731314-3330774956-519",
   "PrincipalType": "Group"
  },
  {
   "RightName": "WriteDacl",
   "AceType": "",
   "IsInherited": false,
   "PrincipalSID": "S-1-5-21-2304237550-487731314-3330774956-519",
   "PrincipalType": "Group"
  },
  {
   "RightName": "GenericWrite",
   "AceType": "",
   "IsInherited": false,
   "PrincipalSID": "MCU.LOCAL-S-1-5-32-544",
   "PrincipalType": "Group"
  },
  {
   "RightName": "WriteOwner",
   "AceType": "",
   "IsInherited": false,
   "PrincipalSID": "MCU.LOCAL-S-1-5-32-544",
   "PrincipalType": "Group"
  },
  {
   "RightName": "ExtendedRight",
   "AceType": "All",
   "IsInherited": false,
   "PrincipalSID": "MCU.LOCAL-S-1-5-32-544",
   "PrincipalType": "Group"
  },
  {
   "RightName": "WriteDacl",
   "AceType": "",
   "IsInherited": false,
   "PrincipalSID": "MCU.LOCAL-S-1-5-32-544",
   "PrincipalType": "Group"
  }
 ],
 "SPNTargets": [],
 "HasSIDHistory": []
},{
 "AllowedToDelegate": [],
 "ObjectIdentifier": "S-1-5-21-2304237550-487731314-3330774956-500",
 "PrimaryGroupSid": "S-1-5-21-2304237550-487731314-3330774956-513",
 "Properties": {
  "name": "ADMINISTRATOR@MCU.LOCAL",
  "domain": "MCU.LOCAL",
  "objectid": "S-1-5-21-2304237550-487731314-3330774956-500",
  "distinguishedname": "CN=Administrator,CN=Users,DC=MCU,DC=local",
  "highvalue": false,
  "unconstraineddelegation": false,
  "passwordnotreqd": false,
  "enabled": true,
  "lastlogon": 1642827971,
  "lastlogontimestamp": 1642826630,
  "pwdlastset": 1639354619,
  "dontreqpreauth": false,
  "pwdneverexpires": true,
  "sensitive": false,
  "serviceprincipalnames": [],
  "hasspn": false,
  "displayname": null,
  "email": null,
  "title": null,
  "homedirectory": null,
  "description": "Built-in account for administering the computer/domain",
  "userpassword": null,
  "admincount": true,
  "sidhistory": []
 },
 "Aces": [
  {
   "RightName": "Owner",
   "AceType": "",
   "IsInherited": false,
   "PrincipalSID": "S-1-5-21-2304237550-487731314-3330774956-512",
   "PrincipalType": "Group"
  },
  {
   "RightName": "GenericWrite",
   "AceType": "",
   "IsInherited": false,
   "PrincipalSID": "S-1-5-21-2304237550-487731314-3330774956-512",
   "PrincipalType": "Group"
  },
  {
   "RightName": "WriteOwner",
   "AceType": "",
   "IsInherited": false,
   "PrincipalSID": "S-1-5-21-2304237550-487731314-3330774956-512",
   "PrincipalType": "Group"
  },
  {
   "RightName": "ExtendedRight",
   "AceType": "All",
   "IsInherited": false,
   "PrincipalSID": "S-1-5-21-2304237550-487731314-3330774956-512",
   "PrincipalType": "Group"
  },
  {
   "RightName": "WriteDacl",
   "AceType": "",
   "IsInherited": false,
   "PrincipalSID": "S-1-5-21-2304237550-487731314-3330774956-512",
   "PrincipalType": "Group"
  },
  {
   "RightName": "GenericWrite",
   "AceType": "",
   "IsInherited": false,
   "PrincipalSID": "S-1-5-21-2304237550-487731314-3330774956-519",
   "PrincipalType": "Group"
  },
  {
   "RightName": "WriteOwner",
   "AceType": "",
   "IsInherited": false,
   "PrincipalSID": "S-1-5-21-2304237550-487731314-3330774956-519",
   "PrincipalType": "Group"
  },
  {
   "RightName": "ExtendedRight",
   "AceType": "All",
   "IsInherited": false,
   "PrincipalSID": "S-1-5-21-2304237550-487731314-3330774956-519",
   "PrincipalType": "Group"
  },
  {
   "RightName": "WriteDacl",
   "AceType": "",
   "IsInherited": false,
   "PrincipalSID": "S-1-5-21-2304237550-487731314-3330774956-519",
   "PrincipalType": "Group"
  },
  {
   "RightName": "GenericWrite",
   "AceType": "",
   "IsInherited": false,
   "PrincipalSID": "MCU.LOCAL-S-1-5-32-544",
   "PrincipalType": "Group"
  },
  {
   "RightName": "WriteOwner",
   "AceType": "",
   "IsInherited": false,
   "PrincipalSID": "MCU.LOCAL-S-1-5-32-544",
   "PrincipalType": "Group"
  },
  {
   "RightName": "ExtendedRight",
   "AceType": "All",
   "IsInherited": false,
   "PrincipalSID": "MCU.LOCAL-S-1-5-32-544",
   "PrincipalType": "Group"
  },
  {
   "RightName": "WriteDacl",
   "AceType": "",
   "IsInherited": false,
   "PrincipalSID": "MCU.LOCAL-S-1-5-32-544",
   "PrincipalType": "Group"
  }
 ],
 "SPNTargets": [],
 "HasSIDHistory": []
}],"meta":{"type":"users","count":7, "version":3}}